1600756200000,0.85000000,6.00000000,0.85000000,4.88110000,3198372.67000000,1600757999999,15277611.22403900,29704,1629236.53000000,7827117.22893500,0
1600758000000,4.88000000,5.35000000,4.24500000,4.93120000,1914636.29000000,1600759799999,9106968.93208600,21459,960488.14000000,4587088.56912000,0
1600759800000,4.91410000,5.19990000,4.56620000,4.90960000,1256377.31000000,1600761599999,6202243.49240900,14404,692153.10000000,3420048.43900700,0
1600761600000,4.90960000,5.44990000,4.82000000,5.39510000,1100528.85000000,1600763399999,5758264.02579700,12105,684460.83000000,3586066.20215700,0
1600763400000,5.39170000,6.92890000,5.33730000,6.82190000,2783452.58000000,1600765199999,17595777.48655800,31641,1508594.92000000,9508341.71169400,0
1600765200000,6.82990000,7.00000000,5.55000000,6.44880000,2538823.74000000,1600766999999,16185252.66787000,26573,1306556.37000000,8366883.93122800,0
1600767000000,6.44960000,6.52100000,6.05030000,6.21080000,1143009.15000000,1600768799999,7182251.80482500,11297,573413.66000000,3604347.78555900,0
1600768800000,6.21090000,6.30000000,5.22730000,5.41260000,1500130.79000000,1600770599999,8451837.96690800,18217,711150.35000000,4014645.94146800,0
1600770600000,5.41990000,5.52800000,4.97500000,5.49010000,1228985.39000000,1600772399999,6454768.49906400,15562,650343.25000000,3420868.85743800,0
1600772400000,5.48500000,6.12300000,5.23110000,6.03620000,1136241.95000000,1600774199999,6387151.74048500,15323,600185.41000000,3379276.29523000,0
1600774200000,6.03560000,6.16570000,5.61630000,5.76790000,775212.08000000,1600775999999,4547685.12494600,12292,366470.75000000,2149080.92108900,0
1600776000000,5.76790000,5.87600000,5.44280000,5.59340000,632579.20000000,1600777799999,3553229.13958300,10365,288221.34000000,1616697.28364600,0
1600777800000,5.59340000,6.15000000,5.54990000,5.85650000,766464.60000000,1600779599999,4519223.32026400,11020,392330.97000000,2314513.36957600,0
1600779600000,5.85650000,5.98000000,5.62000000,5.94310000,549860.96000000,1600781399999,3202433.17320400,8425,254411.15000000,1481922.86681600,0
1600781400000,5.94000000,5.94670000,5.33630000,5.51120000,550144.00000000,1600783199999,3068144.74381600,8351,234601.52000000,1306909.87069300,0
1600783200000,5.50010000,5.58950000,5.11970000,5.22090000,664059.24000000,1600784999999,3542754.48174700,9727,290153.23000000,1552623.60280600,0
1600785000000,5.22380000,5.31370000,5.04000000,5.15700000,531316.76000000,1600786799999,2741554.75917100,8421,245250.76000000,1267331.11998300,0
1600786800000,5.15220000,5.15680000,4.51460000,4.56970000,1208219.07000000,1600788599999,5760028.08025800,15598,555202.97000000,2645325.42928000,0
1600788600000,4.57460000,4.68000000,4.31100000,4.66990000,1109939.22000000,1600790399999,4982139.35574600,12369,542944.11000000,2439883.13534500,0
1600790400000,4.66910000,4.78250000,4.33800000,4.69920000,720147.71000000,1600792199999,3268187.35394000,8319,363259.02000000,1649602.42876900,0
1600792200000,4.69920000,4.88930000,4.55970000,4.88480000,570576.47000000,1600793999999,2712819.52907200,6044,277269.18000000,1318205.31138800,0
1600794000000,4.88480000,4.89020000,4.55000000,4.74570000,450530.68000000,1600795799999,2115392.99482300,6479,203712.63000000,956704.29341900,0
1600795800000,4.74570000,4.74940000,4.38230000,4.41010000,354193.10000000,1600797599999,1621163.41107700,4489,160333.24000000,735198.05261500,0
1600797600000,4.40150000,4.46160000,4.02660000,4.33990000,640824.03000000,1600799399999,2728879.30446900,7203,286334.25000000,1226766.70937500,0
1600799400000,4.34000000,4.39390000,4.10150000,4.15320000,323665.97000000,1600801199999,1377664.46346400,4440,136649.14000000,582807.63345700,0
1600801200000,4.15900000,4.48230000,4.15000000,4.33260000,377380.00000000,1600802999999,1648704.39440200,5385,215164.64000000,939998.50060000,0
1600803000000,4.32980000,4.55380000,4.32290000,4.48000000,302665.89000000,1600804799999,1344519.58614000,3996,175670.91000000,780574.44748500,0
1600804800000,4.48540000,4.49940000,4.35180000,4.39900000,152063.55000000,1600806599999,673034.65225400,1903,63540.21000000,280975.45649600,0
1600806600000,4.39770000,4.47440000,4.23540000,4.33160000,144501.97000000,1600808399999,630550.72787600,2132,69273.21000000,303010.13907000,0
1600808400000,4.32940000,4.68650000,4.32620000,4.60580000,220117.31000000,1600810199999,986712.99826900,2873,132358.94000000,593329.40606100,0
1600810200000,4.60900000,4.91090000,4.60000000,4.82000000,617750.13000000,1600811999999,2932785.46472600,6166,307973.42000000,1464192.64677500,0
1600812000000,4.82020000,4.85000000,4.56000000,4.78430000,313787.99000000,1600813799999,1469579.04995300,3647,170205.97000000,796006.87915100,0
1600813800000,4.79610000,5.38150000,4.72900000,5.31490000,717735.08000000,1600815599999,3662410.51136600,8050,383835.69000000,1960740.42879000,0
1600815600000,5.29570000,5.54990000,5.09920000,5.26990000,605683.45000000,1600817399999,3242246.35732700,7733,273576.50000000,1467909.78210100,0
1600817400000,5.28150000,5.37480000,5.04000000,5.31930000,341905.98000000,1600819199999,1781344.60587600,4172,162482.39000000,846806.91342500,0
1600819200000,5.32790000,5.36000000,5.05600000,5.17330000,194878.60000000,1600820999999,1017795.37276400,2816,105431.11000000,551732.72002000,0
1600821000000,5.18460000,5.22690000,4.92000000,4.95360000,188720.68000000,1600822799999,951460.31906600,2873,87325.73000000,440542.37378500,0
1600822800000,4.95820000,5.09150000,4.65000000,4.69990000,220633.08000000,1600824599999,1080965.83043700,2957,90407.09000000,445903.52084100,0
1600824600000,4.69330000,4.78420000,4.60000000,4.76740000,196389.52000000,1600826399999,919694.24166800,2364,87375.59000000,409464.22984700,0
1600826400000,4.76770000,4.92000000,4.67990000,4.81910000,214721.63000000,1600828199999,1031941.90658500,3042,109323.81000000,525552.84542200,0
1600828200000,4.81510000,5.02970000,4.60000000,5.00250000,222721.64000000,1600829999999,1066033.35014000,2736,102581.83000000,493098.24502800,0
1600830000000,5.01890000,5.19220000,4.81200000,4.81200000,236193.24000000,1600831799999,1179762.26930200,3437,99135.32000000,496451.59151600,0
1600831800000,4.82230000,5.05590000,4.81200000,4.91350000,84623.12000000,1600833599999,416560.48548200,1781,42178.14000000,207678.46189500,0
1600833600000,4.91350000,4.94550000,4.28300000,4.35700000,701093.24000000,1600835399999,3153823.18513200,8972,345218.20000000,1545216.61733000,0
1600835400000,4.35070000,4.51740000,4.29080000,4.31600000,193556.60000000,1600837199999,852177.67266600,3772,79916.06000000,352530.77647100,0
1600837200000,4.30730000,4.42010000,4.15000000,4.36020000,307997.66000000,1600838999999,1316698.26751800,5336,128607.32000000,550929.07270300,0
1600839000000,4.36840000,4.50630000,4.33190000,4.38620000,167273.75000000,1600840799999,740335.02840800,2512,79299.29000000,351040.21587500,0
1600840800000,4.38630000,4.61320000,4.38630000,4.55480000,231739.42000000,1600842599999,1045864.87496300,3562,106137.97000000,478842.19771900,0
1600842600000,4.55520000,4.55920000,4.21000000,4.36540000,279543.23000000,1600844399999,1219307.05370700,3561,113687.22000000,494996.89710400,0
1600844400000,4.35670000,4.38760000,4.03010000,4.05980000,420980.48000000,1600846199999,1751953.90360000,5478,181696.23000000,756242.72838600,0
1600846200000,4.05900000,4.12560000,3.91690000,4.11970000,428108.76000000,1600847999999,1721931.36941200,5397,187638.05000000,753933.48616000,0
1600848000000,4.11840000,4.36000000,4.02950000,4.28010000,273639.86000000,1600849799999,1145384.86007900,4060,133311.41000000,559048.19339100,0
1600849800000,4.27950000,4.34000000,4.14520000,4.26070000,202225.42000000,1600851599999,858524.03771800,4205,99364.99000000,422483.74651800,0
1600851600000,4.26030000,4.26030000,4.07000000,4.16230000,202372.00000000,1600853399999,841653.97817100,4093,104295.02000000,433564.92219700,0
1600853400000,4.15450000,4.25770000,4.08980000,4.23230000,169958.84000000,1600855199999,708320.75982300,3539,92760.04000000,386821.72982800,0
1600855200000,4.23020000,4.30800000,4.12030000,4.15990000,226828.65000000,1600856999999,951637.50066000,3867,118087.50000000,495588.70550600,0
1600857000000,4.16000000,4.35010000,4.15500000,4.27440000,215382.97000000,1600858799999,911633.63787100,2691,115525.22000000,489484.52554300,0
1600858800000,4.25740000,4.40000000,4.18890000,4.20380000,345117.73000000,1600860599999,1484211.23283700,4612,169907.96000000,731078.67808500,0
1600860600000,4.20200000,4.29500000,4.13180000,4.21080000,144190.92000000,1600862399999,606947.31967700,2315,56413.29000000,237988.80454700,0
1600862400000,4.21080000,4.21710000,4.01910000,4.09650000,310499.84000000,1600864199999,1275471.12251300,3973,152541.87000000,626407.63738000,0
1600864200000,4.09650000,4.39340000,4.09000000,4.29480000,385666.77000000,1600865999999,1644265.66055400,5050,223867.56000000,954840.03825100,0
1600866000000,4.29000000,4.55260000,4.25000000,4.50720000,359031.82000000,1600867799999,1585098.95127100,4202,194762.09000000,863322.87670000,0
1600867800000,4.50130000,4.61720000,4.39960000,4.40960000,369414.89000000,1600869599999,1662713.84498000,4274,175152.27000000,789639.35257400,0
1600869600000,4.41810000,4.45580000,4.17100000,4.30100000,327126.99000000,1600871399999,1408474.89076000,3967,131127.21000000,564248.31813800,0
1600871400000,4.30120000,4.35450000,4.21000000,4.22420000,200998.89000000,1600873199999,862944.53164500,2714,92850.57000000,399157.62897400,0
1600873200000,4.21890000,4.27800000,4.03280000,4.06000000,311677.76000000,1600874999999,1294944.04411600,3835,141540.48000000,588336.17615900,0
1600875000000,4.06000000,4.15880000,4.02780000,4.10730000,333921.06000000,1600876799999,1370084.19430100,3256,162847.01000000,668629.33614300,0
1600876800000,4.09960000,4.21000000,4.07690000,4.11720000,218689.35000000,1600878599999,904759.42170400,2473,117437.75000000,486404.84196200,0
1600878600000,4.11720000,4.27700000,4.10870000,4.27060000,163908.16000000,1600880399999,688497.50374900,2252,95486.76000000,401483.74090100,0
1600880400000,4.26470000,4.26990000,4.10900000,4.16920000,183346.04000000,1600882199999,762508.80321800,1975,79410.92000000,329984.24488000,0
1600882200000,4.16900000,4.33000000,4.12980000,4.16500000,317106.34000000,1600883999999,1342820.84048100,3496,146986.34000000,622322.01909200,0
1600884000000,4.16600000,4.27980000,4.11640000,4.14010000,111795.64000000,1600885799999,467043.76999000,1530,53686.06000000,224376.49229200,0
1600885800000,4.14000000,4.21760000,3.99790000,4.00030000,216518.97000000,1600887599999,887677.92077700,2479,74077.83000000,305226.23148200,0
1600887600000,4.00030000,4.07690000,3.70270000,3.81120000,560354.84000000,1600889399999,2146198.42323500,5740,226433.59000000,867770.20975500,0
1600889400000,3.80160000,3.84900000,3.65000000,3.72380000,335132.97000000,1600891199999,1252512.43210400,3688,144828.23000000,541768.98646900,0
1600891200000,3.71490000,3.96040000,3.71360000,3.82160000,276010.20000000,1600892999999,1057756.53614500,3759,162513.45000000,623458.54654100,0
1600893000000,3.82150000,3.83690000,3.40000000,3.55870000,471766.00000000,1600894799999,1680901.14671300,5404,194173.59000000,691012.48637500,0
1600894800000,3.55870000,3.66000000,3.42850000,3.50890000,266723.16000000,1600896599999,943306.20200600,3356,121269.32000000,429979.27383700,0
1600896600000,3.50960000,3.57990000,3.45000000,3.55610000,226819.68000000,1600898399999,795307.12360800,2737,147087.29000000,515412.02890900,0
1600898400000,3.55700000,3.67850000,3.48000000,3.52990000,213442.98000000,1600900199999,764443.01783300,2813,109332.73000000,392598.42763500,0
1600900200000,3.52990000,3.64210000,3.47510000,3.58140000,147804.56000000,1600901999999,524752.19882100,1940,72330.62000000,256868.69979200,0
1600902000000,3.58170000,3.65740000,3.45000000,3.47720000,116696.98000000,1600903799999,411967.68317600,1588,58380.81000000,206746.16252300,0
1600903800000,3.46100000,3.56340000,3.45500000,3.53500000,127263.08000000,1600905599999,446152.14789600,1857,62108.12000000,217593.53716800,0
1600905600000,3.53050000,3.56610000,3.40330000,3.54490000,186061.76000000,1600907399999,648964.64442300,3078,88015.06000000,307295.44960000,0
1600907400000,3.54490000,3.63900000,3.53100000,3.56330000,146306.49000000,1600909199999,524311.28342300,1987,67014.83000000,240388.43740800,0
1600909200000,3.56050000,3.75870000,3.55790000,3.67980000,157813.69000000,1600910999999,580693.97438700,2307,79972.30000000,294144.73688200,0
1600911000000,3.68000000,3.72960000,3.61000000,3.63610000,62633.31000000,1600912799999,230171.78686900,1147,30426.27000000,111678.84397800,0
1600912800000,3.63940000,3.82840000,3.59580000,3.75290000,145004.26000000,1600914599999,541283.29678900,2348,81921.88000000,306580.39261100,0
1600914600000,3.75560000,3.82450000,3.70330000,3.71870000,84473.07000000,1600916399999,316777.47375800,1537,42331.24000000,158574.29453100,0
1600916400000,3.71960000,3.80920000,3.69690000,3.74570000,48780.91000000,1600918199999,183267.11894400,773,23777.28000000,89450.63224000,0
1600918200000,3.74490000,3.82000000,3.71000000,3.73980000,82526.15000000,1600919999999,310734.99668700,1270,43158.60000000,162669.26353600,0
1600920000000,3.73970000,3.78000000,3.66000000,3.67730000,108505.23000000,1600921799999,403256.70069500,1595,45112.15000000,167846.70558400,0
1600921800000,3.67360000,3.67690000,3.57410000,3.60280000,127280.92000000,1600923599999,458885.25863400,2107,56853.73000000,204979.36388400,0
1600923600000,3.60480000,3.67210000,3.52800000,3.67100000,94084.34000000,1600925399999,336092.61751600,1372,38249.67000000,136581.79159500,0
1600925400000,3.66790000,3.66800000,3.55360000,3.62130000,77582.51000000,1600927199999,280075.37701000,1428,37917.87000000,136834.76870600,0
1600927200000,3.62560000,3.76300000,3.62120000,3.71410000,74081.08000000,1600928999999,271940.61921200,1491,45749.84000000,167738.95550300,0
1600929000000,3.71010000,3.74320000,3.67550000,3.68000000,58750.17000000,1600930799999,217887.70636100,1264,28816.18000000,106867.55100200,0
1600930800000,3.68000000,3.92000000,3.67770000,3.87290000,145706.02000000,1600932599999,552936.20913400,2267,90936.15000000,344823.27726400,0
1600932600000,3.87300000,3.89680000,3.79080000,3.83230000,164052.22000000,1600934399999,628533.70446100,2265,82557.87000000,316580.35127800,0
1600934400000,3.83400000,4.05000000,3.83400000,4.01810000,205314.14000000,1600936199999,803246.96343500,2587,123990.99000000,485812.80577800,0
1600936200000,4.01970000,4.24240000,3.98120000,4.11240000,404922.12000000,1600937999999,1670313.40370600,4884,205816.15000000,849795.30751400,0
1600938000000,4.11230000,4.22000000,3.95080000,4.00320000,415473.73000000,1600939799999,1692702.93479900,4587,205339.42000000,836116.46405200,0
1600939800000,4.00000000,4.07170000,3.89370000,4.03960000,127311.75000000,1600941599999,508158.67792200,2636,55698.03000000,222498.52419500,0
1600941600000,4.04410000,4.18990000,4.01980000,4.13180000,162183.44000000,1600943399999,668680.34614800,2526,81082.37000000,333656.38457200,0
1600943400000,4.13030000,4.32000000,4.04130000,4.27030000,234185.39000000,1600945199999,970716.44107600,3028,122952.17000000,511376.95249500,0
1600945200000,4.27180000,4.41000000,4.24340000,4.35210000,268972.51000000,1600946999999,1165421.16947000,4079,140130.55000000,607427.98446900,0
1600947000000,4.35570000,4.45370000,4.29430000,4.31790000,175440.16000000,1600948799999,767540.55824000,2645,91412.58000000,400119.21417600,0
1600948800000,4.31320000,4.37000000,4.15540000,4.21370000,169209.90000000,1600950599999,716163.65329800,2952,83832.12000000,354329.88493300,0
1600950600000,4.21390000,4.24970000,3.75000000,3.94710000,472846.90000000,1600952399999,1915760.41992200,5913,185324.56000000,752081.44548000,0
1600952400000,3.94720000,4.08000000,3.92260000,4.02860000,180450.95000000,1600954199999,721879.34512200,2919,91688.78000000,367020.96383200,0
1600954200000,4.02940000,4.09300000,3.77620000,3.96040000,240465.31000000,1600955999999,939416.80865500,3417,97006.41000000,380537.62930900,0
1600956000000,3.96200000,4.09000000,3.95940000,4.02810000,150125.48000000,1600957799999,606686.97255200,1975,70366.81000000,284424.24976000,0
1600957800000,4.03190000,4.12740000,3.93000000,4.11260000,80461.63000000,1600959599999,321760.15037500,1407,38406.22000000,153998.22125500,0
1600959600000,4.11010000,4.19300000,4.01700000,4.15100000,133369.22000000,1600961399999,549863.59296100,1794,64396.20000000,266154.38072200,0
1600961400000,4.15000000,4.22000000,4.10000000,4.14660000,107030.39000000,1600963199999,445434.29960500,1827,47555.44000000,197953.83354000,0
1600963200000,4.14880000,4.29000000,4.11710000,4.13770000,167865.88000000,1600964999999,708280.37791600,2637,84358.55000000,356431.69498000,0
1600965000000,4.13010000,4.20230000,4.07020000,4.19210000,55338.63000000,1600966799999,228808.42502400,1154,25238.35000000,104504.26099100,0
1600966800000,4.19300000,4.20660000,4.11000000,4.18230000,44207.29000000,1600968599999,183708.21075500,934,20297.90000000,84445.24915400,0
1600968600000,4.19090000,4.22000000,4.15000000,4.18180000,39822.08000000,1600970399999,166562.63288700,784,22625.77000000,94709.56280400,0
1600970400000,4.18630000,4.26310000,4.08000000,4.10980000,87496.64000000,1600972199999,366798.20236800,1040,37411.92000000,157201.53236600,0
1600972200000,4.10980000,4.14800000,4.01090000,4.01620000,72036.81000000,1600973999999,293188.38431700,1084,27366.77000000,111575.45517900,0
1600974000000,4.01000000,4.07700000,3.99550000,4.03110000,52973.88000000,1600975799999,213951.37972900,740,17970.15000000,72709.73849300,0
1600975800000,4.03280000,4.19000000,4.02790000,4.18280000,59901.25000000,1600977599999,247658.33640200,935,35313.20000000,146083.08094000,0
1600977600000,4.18950000,4.27350000,4.15180000,4.18480000,128707.11000000,1600979399999,542334.38005400,2219,71945.98000000,303167.66470000,0
1600979400000,4.18270000,4.23000000,4.08500000,4.08500000,83126.93000000,1600981199999,345083.31447100,1131,43871.64000000,181680.16871400,0
1600981200000,4.09040000,4.18860000,4.08060000,4.18860000,48869.00000000,1600982999999,201739.14123100,951,30543.42000000,126035.19178300,0
1600983000000,4.18730000,4.31680000,4.14350000,4.28500000,68810.30000000,1600984799999,292407.97656200,1144,44627.78000000,189935.89125900,0
1600984800000,4.27980000,4.50000000,4.27710000,4.47330000,202684.57000000,1600986599999,890414.97345700,2846,100359.89000000,441695.08344100,0
1600986600000,4.47340000,4.78450000,4.42010000,4.70710000,388182.18000000,1600988399999,1797086.94657100,5111,182970.71000000,845571.52673400,0
1600988400000,4.70710000,4.88730000,4.58180000,4.64180000,226028.02000000,1600990199999,1069046.39356800,3138,115676.81000000,547288.86650000,0
1600990200000,4.64110000,4.67030000,4.56000000,4.64110000,90388.14000000,1600991999999,415905.73780700,1546,34034.88000000,156990.41214500,0
1600992000000,4.63660000,4.72040000,4.55500000,4.55500000,122593.86000000,1600993799999,569356.68205000,2712,55815.86000000,259518.07918000,0
1600993800000,4.55500000,4.56800000,4.43520000,4.53360000,111533.50000000,1600995599999,502800.22225100,2283,53974.24000000,242999.00964500,0
1600995600000,4.51890000,4.65830000,4.46910000,4.56500000,67435.72000000,1600997399999,307370.11197400,1426,30068.86000000,137132.58246900,0
1600997400000,4.57020000,4.57220000,4.47530000,4.50310000,47916.61000000,1600999199999,216173.02086400,873,16334.71000000,73707.48311500,0
1600999200000,4.50110000,4.64490000,4.49520000,4.61420000,77055.88000000,1601000999999,354195.76295800,1542,41711.13000000,191800.50362000,0
1601001000000,4.61190000,4.62140000,4.54150000,4.57470000,42660.11000000,1601002799999,195612.24355400,1110,19899.35000000,91279.22832200,0
1601002800000,4.57840000,4.80420000,4.57760000,4.65500000,125524.09000000,1601004599999,589003.26616100,1901,67353.15000000,316554.87748300,0
1601004600000,4.65890000,4.72970000,4.49000000,4.53100000,75692.93000000,1601006399999,347792.41968600,1944,31412.53000000,144291.63155500,0
1601006400000,4.53100000,4.59720000,4.48040000,4.57700000,59022.93000000,1601008199999,267655.23685700,1319,31025.62000000,140689.13263500,0
1601008200000,4.57700000,4.67000000,4.53580000,4.60630000,53309.17000000,1601009999999,245279.66413700,1346,26372.69000000,121544.68666700,0
1601010000000,4.60700000,4.64350000,4.50670000,4.54730000,60029.23000000,1601011799999,273814.25747800,1496,29410.48000000,134100.14346500,0
1601011800000,4.55640000,4.60000000,4.47330000,4.47330000,75196.59000000,1601013599999,340603.92934700,1577,31966.63000000,144900.62888500,0
1601013600000,4.47540000,4.54990000,4.43510000,4.51220000,78132.24000000,1601015399999,350952.37717900,2076,38491.36000000,172939.61111600,0
1601015400000,4.51180000,4.75000000,4.49790000,4.74310000,124088.34000000,1601017199999,572450.35774300,2151,70199.63000000,323956.84292500,0
1601017200000,4.74190000,4.83030000,4.65310000,4.66440000,176716.47000000,1601018999999,833478.52276200,2965,91610.72000000,432056.52002000,0
1601019000000,4.66480000,4.68420000,4.56820000,4.57620000,72700.45000000,1601020799999,336417.55539400,1773,34191.58000000,158369.52232200,0
1601020800000,4.57260000,4.66970000,4.53000000,4.62190000,91125.30000000,1601022599999,418450.36014700,2238,43326.69000000,199398.56573400,0
1601022600000,4.61920000,4.61920000,4.37600000,4.43230000,116878.97000000,1601024399999,523103.23461300,2148,47971.98000000,214680.68243200,0
1601024400000,4.44720000,4.54350000,4.43010000,4.51990000,75428.45000000,1601026199999,338568.41371400,1493,25359.07000000,113848.62598000,0
1601026200000,4.52000000,4.52280000,4.33320000,4.41490000,79040.49000000,1601027999999,348604.84871000,1721,39107.54000000,172265.61309700,0
1601028000000,4.41470000,4.49580000,4.35500000,4.40390000,83929.60000000,1601029799999,370172.46664900,1565,46944.35000000,207249.59018000,0
1601029800000,4.38540000,4.41760000,4.27530000,4.28000000,77378.77000000,1601031599999,335643.31581000,1451,29780.18000000,129509.78098600,0
1601031600000,4.28000000,4.34200000,4.20010000,4.34200000,84837.24000000,1601033399999,362462.22603100,1426,42834.33000000,183329.73369900,0
1601033400000,4.34200000,4.43010000,4.27060000,4.37810000,81578.14000000,1601035199999,355857.00492300,1416,37659.14000000,164177.99642600,0
1601035200000,4.38090000,4.48000000,4.34780000,4.39560000,79278.91000000,1601036999999,350396.19232900,1446,34605.18000000,152701.44622600,0
1601037000000,4.39980000,4.43380000,4.32500000,4.41490000,63500.86000000,1601038799999,278828.94994000,957,30665.03000000,134687.49646500,0
1601038800000,4.40380000,4.50390000,4.40290000,4.46590000,72145.08000000,1601040599999,322697.37537200,1303,32330.55000000,144629.11862600,0
1601040600000,4.46290000,4.62890000,4.45350000,4.61790000,105861.54000000,1601042399999,482639.09336300,2282,63333.69000000,289040.99361100,0
1601042400000,4.60520000,4.63150000,4.48530000,4.57000000,122014.13000000,1601044199999,555787.71952200,1845,60996.97000000,278707.22633000,0
1601044200000,4.58330000,4.60940000,4.54000000,4.58500000,38001.08000000,1601045999999,173766.00071000,960,17679.23000000,80829.42311400,0
1601046000000,4.58500000,4.58500000,4.49000000,4.54250000,65747.90000000,1601047799999,298302.22475600,1150,37531.70000000,170249.78355000,0
1601047800000,4.53920000,4.71010000,4.49990000,4.70010000,127447.20000000,1601049599999,582129.94596300,2158,74441.06000000,340478.85836800,0
1601049600000,4.71010000,4.83490000,4.65540000,4.70030000,172369.66000000,1601051399999,820113.62612700,3009,83244.60000000,396766.27565600,0
1601051400000,4.70040000,4.77350000,4.63900000,4.74000000,47206.16000000,1601053199999,221939.65459500,1374,22930.02000000,107997.95893700,0
1601053200000,4.73460000,4.78550000,4.61480000,4.67600000,112344.80000000,1601054999999,527492.61366400,1846,70209.33000000,330174.29766200,0
1601055000000,4.67540000,4.75890000,4.67540000,4.74570000,32681.14000000,1601056799999,154370.63438300,807,24414.71000000,115291.38157700,0
1601056800000,4.74090000,4.83320000,4.68720000,4.68970000,80367.46000000,1601058599999,383079.13105300,1775,46465.92000000,221947.44805000,0
1601058600000,4.68980000,4.72550000,4.64000000,4.68780000,42869.20000000,1601060399999,200527.53326400,994,16762.21000000,78490.02479300,0
1601060400000,4.68420000,4.76690000,4.65690000,4.72190000,37227.90000000,1601062199999,175957.81817800,930,20105.10000000,95078.94857500,0
1601062200000,4.72190000,4.72920000,4.69270000,4.71190000,16186.24000000,1601063999999,76284.68818700,540,8232.68000000,38810.59036000,0
1601064000000,4.71670000,4.84500000,4.71670000,4.84020000,45809.87000000,1601065799999,218446.02573700,931,32093.98000000,153205.13907100,0
1601065800000,4.83870000,5.02340000,4.80010000,4.86080000,174861.34000000,1601067599999,859613.48366300,3040,95799.71000000,471793.59001600,0
1601067600000,4.86870000,4.95970000,4.78350000,4.87300000,73855.34000000,1601069399999,359910.19620000,1529,44800.93000000,218319.16718500,0
1601069400000,4.87120000,4.98610000,4.83060000,4.88290000,64238.50000000,1601071199999,316287.81130600,1341,29904.18000000,147460.03445800,0
1601071200000,4.88280000,4.90380000,4.77000000,4.82700000,71139.73000000,1601072999999,343385.56080000,1934,32981.09000000,159083.81373900,0
1601073000000,4.82210000,4.83490000,4.66000000,4.81650000,73367.51000000,1601074799999,348283.06774100,1810,35971.32000000,170478.19048800,0
1601074800000,4.81660000,4.81660000,4.68250000,4.68300000,27383.81000000,1601076599999,130191.54679200,709,9246.36000000,44002.69874300,0
1601076600000,4.68590000,4.72970000,4.58500000,4.71340000,80386.27000000,1601078399999,374427.70151000,1759,31959.66000000,149170.67391300,0
1601078400000,4.71640000,4.72810000,4.66690000,4.67160000,50597.87000000,1601080199999,238719.01642900,959,34993.45000000,165288.19677300,0
1601080200000,4.67160000,4.67990000,4.56630000,4.62470000,56417.34000000,1601081999999,261119.81012700,1366,25785.28000000,119226.77422800,0
1601082000000,4.62240000,4.63990000,4.57430000,4.57430000,16467.97000000,1601083799999,75914.01036400,422,5072.93000000,23409.40918300,0
1601083800000,4.58080000,4.60350000,4.50030000,4.55570000,46973.86000000,1601085599999,213444.77344000,1341,20909.94000000,95165.11408400,0
1601085600000,4.55930000,4.64500000,4.55510000,4.64300000,24628.81000000,1601087399999,113620.37963200,582,14050.16000000,64820.38450200,0
1601087400000,4.64310000,4.70560000,4.64310000,4.70220000,41477.43000000,1601089199999,194162.32147000,744,29792.30000000,139510.58057300,0
1601089200000,4.69620000,4.70220000,4.63120000,4.65960000,34508.79000000,1601090999999,161291.06868400,535,10016.03000000,46999.72302000,0
1601091000000,4.66080000,4.67730000,4.52850000,4.53600000,21145.31000000,1601092799999,97488.71217900,532,7694.18000000,35584.40539600,0
1601092800000,4.54350000,4.57660000,4.52800000,4.55470000,18134.69000000,1601094599999,82520.46722300,367,9244.92000000,42072.60548700,0
1601094600000,4.55470000,4.61360000,4.55470000,4.60830000,19380.56000000,1601096399999,88910.47660900,368,11596.54000000,53211.83994700,0
1601096400000,4.60760000,4.67770000,4.60360000,4.65820000,15900.27000000,1601098199999,73871.01670600,518,9737.25000000,45219.12816200,0
1601098200000,4.65160000,4.73790000,4.64490000,4.72260000,36605.55000000,1601099999999,172112.56706500,799,18633.63000000,87572.97522200,0
1601100000000,4.71830000,4.82000000,4.70000000,4.76220000,66275.80000000,1601101799999,315548.79987000,1395,34620.81000000,164632.45597400,0
1601101800000,4.76360000,4.76360000,4.65330000,4.69690000,40400.37000000,1601103599999,189978.27889600,845,17896.57000000,84206.16723800,0
1601103600000,4.69980000,4.70000000,4.63000000,4.65940000,28300.35000000,1601105399999,131960.91691300,551,14380.09000000,67039.10751400,0
1601105400000,4.65950000,4.68960000,4.65240000,4.68000000,31384.81000000,1601107199999,146496.88673500,525,11492.56000000,53699.76898800,0
1601107200000,4.68000000,4.68820000,4.56740000,4.57020000,57389.61000000,1601108999999,263909.85181600,1010,29027.12000000,133435.77475800,0
1601109000000,4.57010000,4.61640000,4.51070000,4.54000000,49451.25000000,1601110799999,225487.06121100,895,12515.10000000,57164.96391200,0
1601110800000,4.54000000,4.59530000,4.51840000,4.58630000,36175.94000000,1601112599999,164591.78545100,960,25004.12000000,113803.24903700,0
1601112600000,4.58630000,4.64300000,4.57450000,4.58450000,34749.95000000,1601114399999,160314.37565300,599,14109.30000000,65101.14449400,0
1601114400000,4.58200000,4.62000000,4.56150000,4.59210000,13066.28000000,1601116199999,60037.61386600,259,7588.69000000,34874.10263900,0
1601116200000,4.58890000,4.62650000,4.57420000,4.57490000,22373.78000000,1601117999999,102876.73649900,399,14265.92000000,65651.30330500,0
1601118000000,4.57490000,4.60220000,4.55930000,4.58700000,10039.82000000,1601119799999,46009.67099300,215,5619.62000000,25757.40648700,0
1601119800000,4.58720000,4.59990000,4.55020000,4.56460000,10504.84000000,1601121599999,48022.26351600,227,5384.96000000,24597.67865900,0
1601121600000,4.57740000,4.57740000,4.41000000,4.50920000,148493.77000000,1601123399999,665034.83057700,2557,67245.46000000,300907.52776100,0
1601123400000,4.50760000,4.51280000,4.41220000,4.43720000,48282.65000000,1601125199999,215190.72507200,1023,24081.44000000,107346.69770800,0
1601125200000,4.44000000,4.46980000,4.32940000,4.44380000,81924.31000000,1601126999999,360342.52571000,1195,40803.09000000,179634.84250700,0
1601127000000,4.44770000,4.45420000,4.38000000,4.39940000,30992.39000000,1601128799999,136777.01964700,435,12256.81000000,54115.79086900,0
1601128800000,4.40710000,4.51540000,4.38570000,4.50480000,35981.30000000,1601130599999,160880.88115600,831,23626.53000000,105621.68563400,0
1601130600000,4.49840000,4.51630000,4.44000000,4.44800000,20942.94000000,1601132399999,93752.76952200,567,11245.32000000,50335.06564900,0
1601132400000,4.44800000,4.47970000,4.44680000,4.46220000,19176.21000000,1601134199999,85678.34500600,278,11732.48000000,52440.63528700,0
1601134200000,4.46220000,4.49700000,4.43000000,4.47000000,24844.65000000,1601135999999,110867.34609500,376,14162.10000000,63241.08310800,0
1601136000000,4.47460000,4.47460000,4.39880000,4.43690000,27338.21000000,1601137799999,121233.51930200,598,11561.27000000,51275.04500400,0
1601137800000,4.43640000,4.43690000,4.40000000,4.42900000,21673.76000000,1601139599999,95695.09707100,252,9244.28000000,40838.45738700,0
1601139600000,4.42810000,4.59450000,4.41980000,4.55630000,82426.17000000,1601141399999,372460.70649000,1191,51353.47000000,231579.52030200,0
1601141400000,4.54870000,4.58940000,4.52640000,4.56200000,22018.77000000,1601143199999,100394.31630700,590,13431.62000000,61290.86330100,0
1601143200000,4.56270000,4.59960000,4.50600000,4.57940000,33321.43000000,1601144999999,151574.03927600,514,17343.30000000,79066.41426500,0
1601145000000,4.57940000,4.74990000,4.57260000,4.69070000,89471.83000000,1601146799999,419812.53666200,1528,49123.47000000,230997.43448200,0
1601146800000,4.69470000,4.71530000,4.60210000,4.65580000,54166.69000000,1601148599999,252445.95184800,1055,28803.05000000,134284.75416800,0
1601148600000,4.65580000,4.66300000,4.58570000,4.62090000,27528.02000000,1601150399999,127264.89403900,471,15482.39000000,71678.65819600,0
1601150400000,4.61950000,4.67000000,4.60000000,4.62140000,36217.03000000,1601152199999,167961.12680100,471,14845.41000000,68908.07950800,0
1601152200000,4.62150000,4.66190000,4.61810000,4.63000000,14847.40000000,1601153999999,68801.66954100,230,7839.56000000,36342.04117600,0
1601154000000,4.62940000,4.65790000,4.60990000,4.62320000,41952.60000000,1601155799999,193956.96346200,477,21340.98000000,98742.22140200,0
1601155800000,4.62800000,4.62800000,4.46660000,4.53830000,103583.31000000,1601157599999,470395.08811200,1642,49493.12000000,224518.25796700,0
1601157600000,4.53780000,4.55040000,4.50000000,4.53360000,32225.06000000,1601159399999,145913.54200800,697,17646.06000000,79916.82899400,0
1601159400000,4.53510000,4.54480000,4.50960000,4.52060000,13441.26000000,1601161199999,60842.33968500,262,5251.22000000,23782.00901500,0
1601161200000,4.52060000,4.55000000,4.52000000,4.53870000,8391.94000000,1601162999999,38026.78003600,168,4348.38000000,19724.53326200,0
1601163000000,4.53970000,4.55440000,4.51990000,4.52000000,13340.02000000,1601164799999,60551.90882700,195,4936.81000000,22403.97722700,0
1601164800000,4.52140000,4.61150000,4.51990000,4.61150000,23902.97000000,1601166599999,109326.35340000,481,14078.82000000,64375.70530200,0
1601166600000,4.59940000,4.71340000,4.57860000,4.65000000,64235.95000000,1601168399999,299143.48769300,1243,35476.51000000,165231.55303200,0
1601168400000,4.65600000,4.70580000,4.60800000,4.61840000,50965.54000000,1601170199999,236920.24409300,1074,19162.59000000,89082.62370800,0
1601170200000,4.62650000,4.63110000,4.55250000,4.57270000,33093.21000000,1601171999999,151959.51574100,654,14339.56000000,65792.20804100,0
1601172000000,4.57740000,4.62820000,4.55210000,4.59160000,29387.68000000,1601173799999,134902.17958200,555,13337.43000000,61221.44301400,0
1601173800000,4.59550000,4.60990000,4.51180000,4.53890000,82661.01000000,1601175599999,376590.32823200,1093,38028.89000000,173390.83651700,0
1601175600000,4.54040000,4.58210000,4.51860000,4.56730000,28980.32000000,1601177399999,131826.63509600,378,16741.67000000,76153.59338300,0
1601177400000,4.58200000,4.65530000,4.51060000,4.57130000,43317.04000000,1601179199999,197943.02401300,936,29587.05000000,135146.02558400,0
1601179200000,4.57130000,4.58100000,4.54160000,4.54160000,8796.19000000,1601180999999,40183.06737400,150,4619.47000000,21090.81468400,0
1601181000000,4.54340000,4.57000000,4.53960000,4.54110000,11783.43000000,1601182799999,53610.16702100,188,7848.59000000,35722.42224000,0
1601182800000,4.54350000,4.55130000,4.52720000,4.53190000,14639.12000000,1601184599999,66410.64108100,322,9016.46000000,40902.44029200,0
1601184600000,4.53830000,4.59000000,4.53830000,4.57390000,17283.00000000,1601186399999,78936.84002100,263,7975.40000000,36418.20386600,0
1601186400000,4.57760000,4.58940000,4.50800000,4.52290000,21662.72000000,1601188199999,98444.82159100,465,7385.89000000,33618.61521600,0
1601188200000,4.51230000,4.51910000,4.31030000,4.33400000,86771.53000000,1601189999999,381481.66508300,2240,22027.19000000,97194.28979000,0
1601190000000,4.33400000,4.41010000,4.31420000,4.38030000,45119.61000000,1601191799999,197197.40118800,860,25761.10000000,112648.74859800,0
1601191800000,4.38070000,4.40000000,4.37180000,4.37840000,17933.57000000,1601193599999,78632.66453900,341,5859.72000000,25725.72797000,0
1601193600000,4.38800000,4.39560000,4.29380000,4.32910000,33262.90000000,1601195399999,144327.97575100,522,12990.41000000,56503.02211000,0
1601195400000,4.32930000,4.33450000,4.26670000,4.32390000,64151.76000000,1601197199999,276259.64233900,787,32493.11000000,139869.04603900,0
1601197200000,4.32210000,4.34800000,4.31800000,4.32870000,31317.71000000,1601198999999,135770.59459600,556,13951.46000000,60503.55785000,0
1601199000000,4.32460000,4.33380000,4.25000000,4.26660000,26155.14000000,1601200799999,112084.14198800,484,5771.89000000,24667.59624000,0
1601200800000,4.26900000,4.34660000,4.25410000,4.30600000,16313.41000000,1601202599999,70147.55274300,453,10021.87000000,43049.81561700,0
1601202600000,4.29230000,4.34790000,4.29220000,4.32990000,10761.04000000,1601204399999,46566.82163400,184,4942.11000000,21369.66067800,0
1601204400000,4.33090000,4.34410000,4.32000000,4.32490000,5232.30000000,1601206199999,22680.47110000,124,2100.66000000,9114.32444500,0
1601206200000,4.32970000,4.32970000,4.29300000,4.29300000,12032.03000000,1601207999999,51809.95520500,226,5122.32000000,22071.44521700,0
1601208000000,4.29300000,4.31500000,4.24480000,4.28530000,85410.87000000,1601209799999,365656.25607900,1002,64418.17000000,275790.18614800,0
1601209800000,4.29000000,4.29990000,4.17000000,4.18980000,85764.27000000,1601211599999,361603.02765900,1030,31422.85000000,132482.14232200,0
1601211600000,4.18920000,4.20350000,4.10680000,4.17800000,74273.15000000,1601213399999,308561.14235000,1184,38346.97000000,159490.61923900,0
1601213400000,4.17800000,4.25200000,4.17800000,4.23090000,29819.59000000,1601215199999,125749.62235200,561,14278.21000000,60157.29131100,0
1601215200000,4.22490000,4.27580000,4.19550000,4.20000000,23414.99000000,1601216999999,99080.02036700,271,5537.73000000,23539.90610300,0
1601217000000,4.20010000,4.26320000,4.19020000,4.26310000,12883.25000000,1601218799999,54478.71227800,207,4464.26000000,18900.48487200,0
1601218800000,4.25690000,4.31190000,4.23780000,4.26240000,25165.62000000,1601220599999,107598.74979200,344,17722.38000000,75800.87570600,0
1601220600000,4.26300000,4.42320000,4.25380000,4.42300000,59732.49000000,1601222399999,260220.29021900,733,45654.71000000,198865.90175800,0
1601222400000,4.41700000,4.50000000,4.40410000,4.47370000,43516.20000000,1601224199999,193776.87537600,732,26611.89000000,118507.93157200,0
1601224200000,4.47380000,4.48090000,4.39830000,4.41040000,37844.46000000,1601225999999,167517.89235200,534,20579.11000000,91027.31263100,0
1601226000000,4.41030000,4.43000000,4.41000000,4.42790000,16756.03000000,1601227799999,74052.99775500,233,5500.41000000,24329.54114600,0
1601227800000,4.42750000,4.42960000,4.36000000,4.37030000,24422.09000000,1601229599999,107360.08579900,471,11836.78000000,52109.91745500,0
1601229600000,4.37060000,4.42960000,4.37060000,4.41390000,14379.30000000,1601231399999,63406.24740900,234,9580.27000000,42246.73277200,0
1601231400000,4.42150000,4.44570000,4.37530000,4.38930000,13888.12000000,1601233199999,61300.24175700,326,5869.60000000,25932.30640900,0
1601233200000,4.38930000,4.41940000,4.37070000,4.39080000,9764.25000000,1601234999999,42904.78303600,310,5953.22000000,26172.29849400,0
1601235000000,4.39060000,4.39450000,4.35660000,4.39450000,9828.99000000,1601236799999,43019.05518200,242,5082.33000000,22270.23539900,0
1601236800000,4.39440000,4.39440000,4.35560000,4.38000000,9018.12000000,1601238599999,39356.41520200,369,5905.66000000,25769.18837000,0
1601238600000,4.38440000,4.42010000,4.38440000,4.40910000,11898.03000000,1601240399999,52409.62762200,198,6534.39000000,28791.89941700,0
1601240400000,4.40920000,4.46220000,4.40660000,4.44660000,18325.42000000,1601242199999,81359.68267000,417,12179.69000000,54088.92154700,0
1601242200000,4.44040000,4.58440000,4.43930000,4.54130000,35578.81000000,1601243999999,161793.66674700,452,20249.71000000,92062.09235300,0
1601244000000,4.54490000,4.63000000,4.54440000,4.59080000,26310.62000000,1601245799999,120788.92695500,426,15107.36000000,69333.38554300,0
1601245800000,4.59670000,4.61330000,4.47910000,4.49740000,12052.19000000,1601247599999,54634.75169900,253,3518.61000000,15962.58600800,0
1601247600000,4.49990000,4.54000000,4.49990000,4.51030000,10213.39000000,1601249399999,46116.95901300,194,3826.64000000,17301.12546600,0
1601249400000,4.51860000,4.70000000,4.51860000,4.64840000,30115.13000000,1601251199999,140275.18468500,565,17895.44000000,83288.89534700,0
1601251200000,4.64850000,4.70500000,4.59200000,4.63920000,25372.95000000,1601252999999,118070.35305300,556,14822.70000000,69061.06661800,0
1601253000000,4.62930000,4.62930000,4.54700000,4.56560000,6898.28000000,1601254799999,31670.60749100,175,1981.61000000,9080.35595900,0
1601254800000,4.57360000,4.58410000,4.55830000,4.57090000,6965.23000000,1601256599999,31813.53371100,125,1238.70000000,5667.61583900,0
1601256600000,4.56640000,4.56930000,4.51010000,4.52980000,18129.36000000,1601258399999,82212.90460200,341,7435.42000000,33732.89496900,0
1601258400000,4.53000000,4.54490000,4.40620000,4.41790000,50814.68000000,1601260199999,227767.13692000,833,33589.12000000,150548.27604200,0
1601260200000,4.42180000,4.46200000,4.41740000,4.46200000,7263.80000000,1601261999999,32225.22943900,150,2711.84000000,12045.88285900,0
1601262000000,4.46190000,4.48000000,4.44390000,4.44500000,13037.07000000,1601263799999,58182.64511200,224,7267.95000000,32470.93842200,0
1601263800000,4.44660000,4.46240000,4.44050000,4.46090000,10386.81000000,1601265599999,46319.68708100,144,3330.90000000,14852.21504300,0
1601265600000,4.46090000,4.46240000,4.43000000,4.45740000,5161.11000000,1601267399999,22953.41035100,89,993.60000000,4421.45565500,0
1601267400000,4.46210000,4.51430000,4.46210000,4.50990000,8318.73000000,1601269199999,37344.55618700,143,6853.47000000,30754.48480300,0
1601269200000,4.51010000,4.55830000,4.50980000,4.54310000,6892.32000000,1601270999999,31221.52112300,220,3876.66000000,17575.02650700,0
1601271000000,4.56000000,4.57430000,4.48320000,4.48320000,12922.91000000,1601272799999,58686.07186700,507,5711.21000000,25963.03995600,0
1601272800000,4.48160000,4.48940000,4.46290000,4.48590000,5643.45000000,1601274599999,25260.49901800,125,2237.78000000,10013.89816700,0
1601274600000,4.48590000,4.50610000,4.37700000,4.39040000,19203.08000000,1601276399999,85210.32571100,565,7602.89000000,33840.50280000,0
1601276400000,4.38920000,4.38920000,4.31510000,4.38270000,40877.20000000,1601278199999,178094.56976900,1032,21124.92000000,92051.07590700,0
1601278200000,4.37560000,4.42000000,4.37110000,4.40110000,25363.92000000,1601279999999,111565.00489500,402,9624.14000000,42335.73926100,0
1601280000000,4.40110000,4.41660000,4.37000000,4.40640000,45068.72000000,1601281799999,197675.56548300,456,25834.46000000,113231.52789600,0
1601281800000,4.41200000,4.45720000,4.40010000,4.40530000,14350.54000000,1601283599999,63603.60353100,304,9442.99000000,41860.89217100,0
1601283600000,4.40510000,4.42340000,4.38020000,4.38470000,16829.92000000,1601285399999,74202.84559900,246,6100.53000000,26904.49012700,0
1601285400000,4.39050000,4.40290000,4.32790000,4.32840000,43551.73000000,1601287199999,189401.38929200,560,21249.96000000,92330.65599700,0
1601287200000,4.32230000,4.33760000,4.25900000,4.30180000,108095.98000000,1601288999999,464209.96576200,1934,57367.55000000,246452.56103300,0
1601289000000,4.30550000,4.32760000,4.28000000,4.30010000,29852.63000000,1601290799999,128400.58739600,462,19402.87000000,83474.38675800,0
1601290800000,4.30100000,4.30720000,4.18660000,4.25000000,75331.10000000,1601292599999,320143.91441500,1318,36135.15000000,153683.39302900,0
1601292600000,4.25300000,4.37360000,4.24560000,4.34290000,15969.95000000,1601294399999,68698.84986900,405,9567.07000000,41164.46690400,0
1601294400000,4.34290000,4.38800000,4.28450000,4.31990000,31045.95000000,1601296199999,134792.32164900,515,16621.36000000,72123.84584300,0
1601296200000,4.30790000,4.41320000,4.30770000,4.37910000,82663.28000000,1601297999999,361545.33784500,806,36812.68000000,161087.99980900,0
1601298000000,4.38210000,4.44890000,4.37510000,4.40920000,40825.47000000,1601299799999,180046.27795800,546,15428.57000000,68094.08700000,0
1601299800000,4.40020000,4.41440000,4.30000000,4.32450000,39705.73000000,1601301599999,172891.31617500,777,14377.72000000,62638.76366100,0
1601301600000,4.32630000,4.40000000,4.31500000,4.39650000,17288.31000000,1601303399999,75417.64324900,357,9362.19000000,40972.72692300,0
1601303400000,4.39000000,4.40100000,4.33830000,4.35580000,12758.51000000,1601305199999,55677.94225100,470,5911.33000000,25823.49051300,0
1601305200000,4.34940000,4.42980000,4.33010000,4.40950000,28020.82000000,1601306999999,123023.60918800,514,14218.17000000,62470.28981000,0
1601307000000,4.40600000,4.42220000,4.39950000,4.42220000,5438.08000000,1601308799999,23966.82274500,132,3045.75000000,13426.99974700,0
1601308800000,4.42490000,4.43320000,4.30180000,4.37500000,43324.58000000,1601310599999,188017.17027200,511,26349.01000000,114020.56768400,0
1601310600000,4.37550000,4.38000000,4.35000000,4.35490000,11904.13000000,1601312399999,51935.20709800,141,4534.95000000,19795.62034300,0
1601312400000,4.35280000,4.37310000,4.33860000,4.36530000,16076.94000000,1601314199999,69943.36927800,202,3947.27000000,17195.12398900,0
1601314200000,4.36350000,4.38870000,4.29000000,4.36580000,32639.65000000,1601315999999,141752.76348100,443,15922.82000000,69246.98177300,0
1601316000000,4.36580000,4.36580000,4.28100000,4.32110000,23878.71000000,1601317799999,103241.13229200,340,8126.46000000,35173.15014500,0
1601317800000,4.32300000,4.35040000,4.30000000,4.33940000,8521.73000000,1601319599999,36903.52398500,173,2792.30000000,12092.30842500,0
1601319600000,4.33760000,4.34430000,4.33000000,4.34330000,7666.22000000,1601321399999,33212.29448900,136,2116.59000000,9175.23070700,0
1601321400000,4.33340000,4.34000000,4.30000000,4.34000000,15128.53000000,1601323199999,65398.08348300,484,8611.82000000,37222.91845600,0
1601323200000,4.34000000,4.38500000,4.34000000,4.36410000,10376.06000000,1601324999999,45362.83044600,154,5368.74000000,23492.06409300,0
1601325000000,4.36050000,4.40620000,4.35090000,4.40450000,11103.93000000,1601326799999,48678.36515100,159,7983.87000000,35026.71640000,0
1601326800000,4.40000000,4.40640000,4.33500000,4.35690000,17402.88000000,1601328599999,76055.60786600,191,8019.95000000,35136.21990500,0
1601328600000,4.36390000,4.39530000,4.35310000,4.38600000,5609.91000000,1601330399999,24540.32195400,67,2705.92000000,11858.55980300,0
1601330400000,4.38600000,4.41140000,4.37600000,4.38590000,14810.93000000,1601332199999,65070.48988000,180,5932.23000000,26081.32012100,0
1601332200000,4.38500000,4.40440000,4.34200000,4.36060000,21858.74000000,1601333999999,95343.78298000,458,11137.32000000,48573.84807100,0
1601334000000,4.36080000,4.37830000,4.23050000,4.25500000,37391.08000000,1601335799999,160148.84560300,684,12353.24000000,53114.92616300,0
1601335800000,4.25500000,4.25900000,4.16670000,4.20210000,62704.74000000,1601337599999,263911.07545100,1147,30297.03000000,127613.06617700,0
1601337600000,4.19990000,4.25010000,4.16570000,4.24000000,38073.54000000,1601339399999,159999.53459000,891,18183.71000000,76466.20808300,0
1601339400000,4.23430000,4.26890000,4.20640000,4.26000000,16933.25000000,1601341199999,71898.63003400,461,7055.03000000,29922.24390400,0
1601341200000,4.26000000,4.28990000,4.26000000,4.28470000,19827.94000000,1601342999999,84631.04520200,520,9378.19000000,40046.58063700,0
1601343000000,4.28110000,4.28650000,4.18970000,4.18970000,33185.50000000,1601344799999,140881.58751900,542,11366.02000000,48117.93156400,0
1601344800000,4.19340000,4.26210000,4.18960000,4.24900000,24222.03000000,1601346599999,102393.25998800,286,10677.74000000,45113.57525200,0
1601346600000,4.24850000,4.25700000,4.21000000,4.21730000,9844.49000000,1601348399999,41684.46979300,154,7575.79000000,32094.67317400,0
1601348400000,4.22310000,4.25000000,4.19170000,4.23320000,9537.20000000,1601350199999,40219.38700600,131,3096.58000000,13097.53237700,0
1601350200000,4.23280000,4.28000000,4.22520000,4.24500000,14873.30000000,1601351999999,63230.39908200,243,6287.18000000,26739.10530600,0
1601352000000,4.24500000,4.26960000,4.23470000,4.26000000,15014.22000000,1601353799999,63756.01615000,281,10760.90000000,45679.78924600,0
1601353800000,4.25820000,4.26000000,4.23100000,4.24010000,9757.10000000,1601355599999,41453.33202900,133,3027.01000000,12854.89543100,0
1601355600000,4.24010000,4.24020000,4.19140000,4.21000000,17995.62000000,1601357399999,75772.58489600,338,5764.58000000,24247.66514400,0
1601357400000,4.20610000,4.20610000,4.13290000,4.13350000,25163.40000000,1601359199999,104848.21629600,484,12639.50000000,52744.78060200,0
1601359200000,4.13290000,4.19260000,4.10010000,4.18830000,28544.61000000,1601360999999,118375.72924500,548,13608.67000000,56521.39538500,0
1601361000000,4.19170000,4.26660000,4.16530000,4.26380000,28889.86000000,1601362799999,121594.36676600,419,8790.11000000,37052.10077900,0
1601362800000,4.26460000,4.26880000,4.20730000,4.23480000,27587.60000000,1601364599999,117019.22054400,462,13637.29000000,57885.58689700,0
1601364600000,4.24130000,4.25960000,4.23170000,4.23660000,2328.23000000,1601366399999,9896.45441200,64,1176.22000000,5000.18673800,0
1601366400000,4.23430000,4.23430000,4.20480000,4.22410000,7414.42000000,1601368199999,31248.38522100,118,2190.63000000,9240.04366700,0
1601368200000,4.22600000,4.22670000,4.20890000,4.22140000,2933.80000000,1601369999999,12377.59813300,79,1334.12000000,5634.29981400,0
1601370000000,4.22010000,4.25580000,4.21280000,4.21990000,6131.07000000,1601371799999,25953.57115800,144,2604.23000000,11033.30981900,0
1601371800000,4.21450000,4.24720000,4.21430000,4.23900000,8969.37000000,1601373599999,37954.42998700,117,5658.34000000,23947.85820800,0
1601373600000,4.23480000,4.25970000,4.23060000,4.25970000,4281.07000000,1601375399999,18196.07248800,77,2145.90000000,9125.84440000,0
1601375400000,4.25990000,4.28250000,4.23450000,4.26250000,6707.95000000,1601377199999,28578.49712500,132,2465.75000000,10511.59909800,0
1601377200000,4.26620000,4.27770000,4.25180000,4.25490000,5744.97000000,1601378999999,24480.19013700,88,3219.40000000,13716.62442300,0
1601379000000,4.25580000,4.27930000,4.25090000,4.25270000,7290.63000000,1601380799999,31082.02639700,119,5608.02000000,23906.54348300,0
1601380800000,4.25100000,4.25100000,4.07690000,4.15500000,132697.18000000,1601382599999,549767.33030900,1756,69490.31000000,287678.67844400,0
1601382600000,4.15540000,4.18160000,4.10040000,4.13150000,47199.49000000,1601384399999,195966.56075900,582,21825.34000000,90435.76974800,0
1601384400000,4.12920000,4.13740000,4.06830000,4.09600000,32734.20000000,1601386199999,134048.90900300,575,15523.36000000,63480.47637000,0
1601386200000,4.09290000,4.13920000,4.07050000,4.10000000,20941.96000000,1601387999999,85822.17683800,230,6907.33000000,28345.96834400,0
1601388000000,4.10000000,4.13780000,4.09730000,4.12440000,14993.96000000,1601389799999,61773.40243200,214,8663.13000000,35679.00444800,0
1601389800000,4.12110000,4.12450000,4.06000000,4.08970000,32125.02000000,1601391599999,131144.62847600,460,19723.02000000,80488.42384900,0
1601391600000,4.09260000,4.12850000,4.07870000,4.10860000,12120.37000000,1601393399999,49660.14696300,218,5417.26000000,22191.85642100,0
1601393400000,4.11130000,4.13320000,4.06200000,4.07110000,9128.52000000,1601395199999,37380.58289100,251,4976.17000000,20416.68698000,0
1601395200000,4.06480000,4.07140000,3.96070000,3.97690000,112868.62000000,1601396999999,451576.98676200,1963,46043.45000000,184047.75415200,0
1601397000000,3.98080000,4.03510000,3.97700000,4.00540000,33640.36000000,1601398799999,134866.92266400,690,17308.31000000,69395.03306600,0
1601398800000,4.00950000,4.05160000,3.98770000,4.03840000,50849.70000000,1601400599999,204554.03910500,504,15410.01000000,61967.57308800,0
1601400600000,4.03090000,4.06500000,4.02830000,4.05770000,11243.22000000,1601402399999,45455.34332100,189,6742.49000000,27245.72664000,0
1601402400000,4.06320000,4.07820000,4.02220000,4.03010000,19994.74000000,1601404199999,80935.18820600,391,6613.48000000,26766.28184600,0
1601404200000,4.03960000,4.04010000,3.96870000,4.01530000,29691.67000000,1601405999999,118555.88154100,421,19871.59000000,79265.92470900,0
1601406000000,4.01980000,4.05000000,3.99910000,4.02500000,17927.36000000,1601407799999,72046.87419700,418,12163.05000000,48881.02957700,0
1601407800000,4.02350000,4.07470000,4.01050000,4.04310000,22324.76000000,1601409599999,90278.35606300,234,17655.92000000,71434.20783100,0
1601409600000,4.05410000,4.06920000,4.03270000,4.05490000,10141.23000000,1601411399999,41101.26004600,186,4656.98000000,18894.33274600,0
1601411400000,4.05490000,4.06610000,4.04610000,4.05640000,7107.72000000,1601413199999,28818.39928200,237,4227.48000000,17135.92078600,0
1601413200000,4.05530000,4.06160000,4.05010000,4.06090000,2318.35000000,1601414999999,9407.66030100,51,1895.12000000,7690.34394800,0
1601415000000,4.06030000,4.06160000,4.03300000,4.04580000,6697.54000000,1601416799999,27071.08380300,191,5262.91000000,21266.00091100,0
1601416800000,4.03420000,4.05450000,4.02930000,4.04610000,8907.98000000,1601418599999,35970.99832700,152,4472.98000000,18065.13901600,0
1601418600000,4.04030000,4.04350000,3.98510000,4.01560000,21081.78000000,1601420399999,84539.06740600,278,11720.49000000,47023.60315500,0
1601420400000,4.01760000,4.19870000,4.01760000,4.13890000,19364.53000000,1601422199999,80023.99107900,330,11849.83000000,48913.63238600,0
1601422200000,4.13680000,4.15110000,4.11580000,4.13940000,10527.10000000,1601423999999,43562.17713200,359,6444.91000000,26672.54190800,0
1601424000000,4.14290000,4.17000000,4.08780000,4.12930000,19411.41000000,1601425799999,80321.05520300,363,10145.20000000,42004.12102600,0
1601425800000,4.12600000,4.13570000,4.10110000,4.11330000,11035.24000000,1601427599999,45402.30457300,355,8220.84000000,33829.08244500,0
1601427600000,4.10930000,4.13200000,4.10000000,4.13200000,4259.73000000,1601429399999,17532.48697300,113,1854.97000000,7644.47131700,0
1601429400000,4.12430000,4.20000000,4.10310000,4.17830000,13458.69000000,1601431199999,55709.35731500,293,7837.64000000,32413.39027700,0
1601431200000,4.18250000,4.19980000,4.16630000,4.18470000,6850.58000000,1601432999999,28680.81312400,168,3974.15000000,16639.49718200,0
1601433000000,4.19160000,4.19200000,4.11580000,4.12090000,4962.04000000,1601434799999,20597.05873600,105,1834.10000000,7598.74084200,0
1601434800000,4.11450000,4.12010000,4.09840000,4.10670000,15548.98000000,1601436599999,63884.35505600,369,9144.22000000,37580.60241200,0
1601436600000,4.10300000,4.11830000,4.10300000,4.10300000,5828.11000000,1601438399999,23950.00013400,73,3072.03000000,12631.59956100,0
1601438400000,4.10230000,4.14660000,4.06280000,4.13700000,15269.95000000,1601440199999,62609.55555300,420,7126.52000000,29206.11417400,0
1601440200000,4.14060000,4.15210000,4.11470000,4.11470000,6673.26000000,1601441999999,27562.90135300,316,5115.53000000,21138.96401100,0
1601442000000,4.11730000,4.14570000,4.11210000,4.12200000,13578.07000000,1601443799999,56060.34692600,310,10010.48000000,41331.71082900,0
1601443800000,4.11860000,4.11980000,4.02870000,4.06730000,10812.15000000,1601445599999,44017.58708200,502,5855.54000000,23806.53269600,0
1601445600000,4.06980000,4.15320000,4.02260000,4.13990000,32976.51000000,1601447399999,135664.61656100,446,11458.72000000,46989.84386800,0
1601447400000,4.13430000,4.14290000,4.08760000,4.09760000,20456.33000000,1601449199999,84322.13390300,475,14320.02000000,59032.75848300,0
1601449200000,4.08870000,4.12260000,4.06080000,4.07620000,37868.90000000,1601450999999,154581.32948400,635,19532.20000000,79710.69203000,0
1601451000000,4.07320000,4.08440000,4.01500000,4.03300000,30199.75000000,1601452799999,122176.45076100,700,9551.81000000,38627.46430300,0
1601452800000,4.03160000,4.07660000,4.00000000,4.04780000,29327.42000000,1601454599999,118347.86297500,406,15635.32000000,62996.08094900,0
1601454600000,4.05200000,4.07350000,4.02280000,4.02810000,23288.21000000,1601456399999,94263.48782100,293,15774.77000000,63841.08604300,0
1601456400000,4.03060000,4.06360000,3.99580000,4.04270000,19059.44000000,1601458199999,76623.37113000,384,6318.02000000,25432.49331200,0
1601458200000,4.04770000,4.09000000,4.01600000,4.08370000,19624.04000000,1601459999999,79581.36891700,347,10846.23000000,44013.45822900,0
1601460000000,4.08430000,4.11120000,4.07270000,4.08990000,13762.84000000,1601461799999,56334.42319500,224,6787.63000000,27781.07195900,0
1601461800000,4.08500000,4.14540000,4.08070000,4.11660000,11659.33000000,1601463599999,47878.08519700,252,5702.64000000,23420.91338200,0
1601463600000,4.11670000,4.13520000,4.07750000,4.09810000,17998.81000000,1601465399999,73847.88392100,213,7510.99000000,30861.27155200,0
1601465400000,4.09790000,4.09810000,4.05880000,4.05880000,9136.62000000,1601467199999,37216.91456500,209,2228.21000000,9077.30716200,0
1601467200000,4.05950000,4.07670000,4.02860000,4.06900000,8525.33000000,1601468999999,34614.74547900,210,4518.28000000,18348.39578200,0
1601469000000,4.06900000,4.11290000,4.06470000,4.09990000,10429.70000000,1601470799999,42671.09075500,182,6599.41000000,27016.82023700,0
1601470800000,4.10000000,4.10000000,4.08100000,4.09000000,14451.56000000,1601472599999,59134.59251900,205,9847.56000000,40302.54020000,0
1601472600000,4.09480000,4.19390000,4.09480000,4.17150000,27350.11000000,1601474399999,113218.11062300,427,18169.78000000,75137.00498900,0
1601474400000,4.16840000,4.28800000,4.16330000,4.22520000,102226.28000000,1601476199999,433265.06459000,1542,54282.35000000,229922.62028200,0
1601476200000,4.22380000,4.22720000,4.18660000,4.22200000,10576.22000000,1601477999999,44509.16909400,235,4593.93000000,19339.44619300,0
1601478000000,4.22200000,4.32000000,4.21470000,4.27960000,31004.90000000,1601479799999,132839.20902700,539,20239.83000000,86803.89271800,0
1601479800000,4.28640000,4.31200000,4.25720000,4.27790000,20395.08000000,1601481599999,87512.10843800,452,9326.22000000,40038.78821100,0
1601481600000,4.27750000,4.30360000,4.25000000,4.27080000,15769.53000000,1601483399999,67337.56454800,307,6917.18000000,29532.71043200,0
1601483400000,4.27490000,4.29370000,4.25890000,4.26980000,8077.58000000,1601485199999,34567.19535300,193,3514.41000000,15039.48392200,0
1601485200000,4.26430000,4.28370000,4.25380000,4.26490000,10336.04000000,1601486999999,44116.86802500,197,6243.27000000,26647.12185100,0
1601487000000,4.26500000,4.27620000,4.25130000,4.27400000,9970.87000000,1601488799999,42539.57456000,147,4226.43000000,18034.38630500,0
1601488800000,4.27610000,4.29710000,4.25000000,4.28480000,23496.27000000,1601490599999,100323.24181800,557,10646.23000000,45483.72809300,0
1601490600000,4.28020000,4.38430000,4.26440000,4.37150000,47000.98000000,1601492399999,203147.03363500,646,25092.88000000,108476.90736600,0
1601492400000,4.36830000,4.39920000,4.29540000,4.32970000,29049.51000000,1601494199999,126490.56423600,464,13916.26000000,60658.70897600,0
1601494200000,4.32950000,4.35800000,4.31880000,4.32290000,10511.27000000,1601495999999,45574.20144600,326,5877.76000000,25492.27728700,0
1601496000000,4.33960000,4.37410000,4.27190000,4.29010000,20243.58000000,1601497799999,87745.06272900,465,7861.51000000,34192.02157100,0
1601497800000,4.29220000,4.29710000,4.25000000,4.28430000,23661.08000000,1601499599999,101015.68285900,484,10577.99000000,45215.61373900,0
1601499600000,4.28240000,4.29450000,4.27250000,4.28370000,7837.96000000,1601501399999,33537.30676600,113,4248.84000000,18177.54521100,0
1601501400000,4.28500000,4.30380000,4.27430000,4.30340000,7327.90000000,1601503199999,31444.86021500,173,4456.74000000,19134.85974800,0
1601503200000,4.29550000,4.41100000,4.29540000,4.38800000,43981.72000000,1601504999999,192481.20140100,829,32453.79000000,141896.89899100,0
1601505000000,4.39040000,4.39640000,4.27000000,4.29400000,25332.65000000,1601506799999,109500.95333700,715,14775.69000000,63803.17586800,0
1601506800000,4.29130000,4.34530000,4.29130000,4.31910000,12489.57000000,1601508599999,53876.60736800,546,9727.56000000,41964.21314900,0
1601508600000,4.31790000,4.34110000,4.31280000,4.32930000,2426.21000000,1601510399999,10494.67287300,90,1348.13000000,5835.92823500,0
